<?xml version="1.0" encoding="UTF-8" ?>
<!DOCTYPE mapper
        PUBLIC "-//mybatis.org//DTD Mapper 3.0//EN"
        "http://mybatis.org/dtd/mybatis-3-mapper.dtd">

<mapper namespace="com.hqucc.iot.modules.mapper.DeviceMapper">
    <!-- resources/mapper/DeviceMapper.xml -->
    <select id="selectDevicePageDTO" resultType="com.hqucc.iot.modules.dto.DevicePageDTO">
        SELECT
        d.id,
        d.device_uid,
        d.name,
        d.mac_address,
        d.status,
        d.created_at,
        m.username AS mqtt_username
        FROM devices d
        LEFT JOIN mqtt_user m ON d.mqtt_uid = m.mqtt_uid
        <where>
            <if test="name != null and name != ''">
                AND d.name LIKE CONCAT('%', #{name}, '%')
            </if>
            <if test="macAddress != null and macAddress != ''">
                AND d.mac_address = #{macAddress}
            </if>
            <if test="status != null">
                AND d.status = #{status}
            </if>
            <if test="mqttUidList != null and !mqttUidList.isEmpty()">
                AND d.mqtt_uid IN
                <foreach collection="mqttUidList" item="uid" open="(" separator="," close=")">
                    #{uid}
                </foreach>
            </if>
        </where>
    </select>
    <select id="selectDeviceByName" resultType="com.hqucc.iot.modules.entity.Device">
        select * from devices
        <where>
            <if test="name!=null and name!=''">
                id = #{id}
            </if>
        </where>

    </select>
</mapper>