<?xml version="1.0" encoding="UTF-8"?>
<!DOCTYPE mapper
        PUBLIC "-//mybatis.org//DTD Mapper 3.0//EN"
        "http://mybatis.org/dtd/mybatis-3-mapper.dtd">

<mapper namespace="com.hqucc.iot.modules.mapper.SensorMapper">

    <select id="selectSensorPageDTO" resultType="com.hqucc.iot.modules.dto.SensorPageDTO">
        SELECT
        s.id,
        s.sensor_uid,
        s.sensor_type,
        s.device_uid,
        s.created_at,
        d.name AS device_name,
        m.username AS mqtt_username
        FROM sensors s
        LEFT JOIN devices d ON s.device_uid = d.device_uid
        LEFT JOIN mqtt_user m ON d.mqtt_uid = m.mqtt_uid
        <where>
            <if test="sensorType != null and sensorType != ''">
                AND s.sensor_type LIKE CONCAT('%', #{sensorType}, '%')
            </if>
            <if test="deviceUid != null">
                AND s.device_uid = #{deviceUid}
            </if>
            <if test="visibleDeviceUids != null and !visibleDeviceUids.isEmpty()">
                AND s.device_uid IN
                <foreach collection="visibleDeviceUids" item="uid" open="(" separator="," close=")">
                    #{uid}
                </foreach>
            </if>
        </where>
    </select>

</mapper>