<?xml version="1.0" encoding="UTF-8"?>
<!DOCTYPE mapper
        PUBLIC "-//mybatis.org//DTD Mapper 3.0//EN"
        "http://mybatis.org/dtd/mybatis-3-mapper.dtd">

<mapper namespace="com.hqucc.iot.modules.mapper.SensorDataMapper">

    <!-- resources/mapper/SensorDataMapper.xml -->
    <select id="selectPageWithJoin" resultType="com.hqucc.iot.modules.dto.SensorDataPageDTO">
        SELECT sd.id, sd.sensor_uid, sd.reading_type, sd.reading_value, sd.created_at,
        s.device_uid, d.name AS device_name, mu.username AS mqtt_username
        FROM sensor_data sd
        LEFT JOIN sensors s ON sd.sensor_uid = s.sensor_uid
        LEFT JOIN devices d ON s.device_uid = d.device_uid
        LEFT JOIN mqtt_user mu ON d.mqtt_uid = mu.mqtt_uid
        <where>
            <if test="uids != null and uids.size > 0">
                sd.sensor_uid IN
                <foreach collection="uids" item="uid" open="(" separator="," close=")">
                    #{uid}
                </foreach>
            </if>
            <if test="type != null and type != ''">
                AND sd.reading_type = #{type}
            </if>
        </where>
        ORDER BY sd.created_at DESC
    </select>

</mapper>